{
  "dry_data_paths" : "E:/Dataset/nsynth/guitar/audio/*",
  "sr" : 16000,
  "folds" : 100,
  "midi_range" : [40, 84],
  "version" : "0.3",
  "chord_name" : "single",
  "working_directory" :  "E:/Dataset/chords",
  "audio_filename" : "data_fold",
  "meta_filename" : "meta_fold",
  "meta_directory" : "meta",
  "audio_directory" : "audio",
  "overlap_list" : [1],
  "overlap_prob" : [100],
  "zero_padding" : [0],
  "max_real_time_mins" : 5,
  "feat_directory" : "feature/",
  "is_mono": true,
  "nfft" : 1024,
  "nb_mel_bands" : 40,
  "fold_size" : 16
}